{"43.7300068,-79.4342381": [1], "51.02927340000001,13.7289964": [1], "35.6489643,139.7429376": [1], "32.8134882,-96.8460102": [2], "43.0858281,-77.67767769999999": [2], "-37.91147309999999,145.1344641": [2], "1.3070956,103.7722851": [3], "41.8960678,-87.6168769": [3], "52.1747914,0.1403941": [3]}